nr,url,heimilisfang,tegund,nidurstada,spurning
35902 (01.29.040.1 01),http://gamli.rvk.is/vefur/owa/edutils.parse_page?nafn=BN035902,Ármúli 2,breytingar,Frestað. Lagfæra skráningu.,"Sótt er um leyfi til að koma fyrir rafdreifistöð í hluta vörumóttöku og hækka útbyggingu og stækka svalir ofan á útbyggingu miðað við nýlega samþykktar teikningar sbr. umsókn nr.  BN034443 á atvinnuhúsnæðinu á lóðinni nr. 2 við Ármúla. Stærðir: Stækkun 55,4 rúmm. Gjald kr. 6.800 + 3.767"
35495 (01.18.132.0),http://gamli.rvk.is/vefur/owa/edutils.parse_page?nafn=BN035495,Baldursgata 36,breyta í íbúð,"Frestað. Vantar samþykki húsfélags sbr. ákvæði fjöleignarhúsalaga, vantar rafræna skráningu.","Sótt er um leyfi til að breyta í íbúð verslunarrými á 1. hæð í fjöleignahúsinu á lóðinni nr. 36 við Baldursgötu.  ""Yfirlýsing"" burðarvirkishönnuðar ódagsett fylgir erindinu. Einnig fylgir samþykki sumra meðlóðarhafa dags. í nóvember 2006. Gjald kr. 6.800"
35894 (01.67.201.0),http://gamli.rvk.is/vefur/owa/edutils.parse_page?nafn=BN035894,Bauganes 3,rífa og byggja nýtt,Frestað. Málinu vísað til umsagnar skipulagsstjóra.,"Sótt er um leyfi til að rífa Mhl. 02 og Mhl. 03 og byggja í staðinn viðbyggingu við Mhl. 01, að byggja ofan á bíslag og gera svalir þar út frá á einbýlishúsinu á lóðinni nr. 3 við Bauganes. Niðurrif:  Mhl. 02, Fastanr. 202-9443 merkt 0101 þvottahús 11,2 ferm., Mhl. 03 Fastanr. 202-9444 merkt 0101 bílskúr 22,7 ferm. Stækkun 26,5 ferm. og 95,4 rúmm. Gjald kr. 6.800 + 6.487"
35571 (01.21.810.3),http://gamli.rvk.is/vefur/owa/edutils.parse_page?nafn=BN035571,Borgartún 29,br á áður samþ. teikningum,Frestað. Vísað til athugasemda á umsóknarblaði.,Sótt er um leyfi til breytinga á eignaskiptum og innra skipulagi 3. hæðar atvinnuhússins á lóðinni nr. 29 við Borgartún. Einnig er sótt um leyfi til að nýta þak 1. hæðar sem svalir. Gjald kr. 6.800
35795 (01.22.000.2),http://gamli.rvk.is/vefur/owa/edutils.parse_page?nafn=BN035795,Borgartún 6,innréttingu sjúkraþjálfunar,Frestað. Vísað til athugasemda eldvarnaeftirlits.,Sótt er um leyfi til að innrétta eignarhluta 0101 fyrir sjúkraþjálfun í atvinnuhúsinu á lóðinni nr. 6 við Borgartún sbr. umsókn nr. BN031133. Gjald kr. 6.800
35844 (01.82.610.2),http://gamli.rvk.is/vefur/owa/edutils.parse_page?nafn=BN035844,Bústaðavegur 151,sjálfsafgreiðslustöð,Frestað. Með vísan til bókunar skipulagsstjóra er ekki gerð athugasemd við að umsækjandi láti vinna tillögu að breytingu á deiliskipulagi sem grenndarkynnt verður.,Sótt er um leyfi fyrir þriðju eldsneytisdælunni til suðurs með tilheyrandi stækkun afgreiðsluplans og minnháttar aðlögun hæðlegu lóðar á lóð Atlantsolíu nr. 151 við Bústaðaveg. Útskrift úr gerðabók embættsafgreiðslufundar skipulagsstjóra frá 4. maí 2007 fylgir erindinu. Gjald kr. 6.800
35923 (01.70.420.5),http://gamli.rvk.is/vefur/owa/edutils.parse_page?nafn=BN035923,Drápuhlíð 10,endunýjun á byggingarleyfi frá 26/4 2006,Samþykkt.  Samræmist ákvæðum laga nr. 73/1997. Með vísan til samþykktar borgarráðs frá 1. september 1998 skal utanhúss- og lóðarfrágangi vera lokið eigi síðar en innan tveggja ára frá útgáfu byggingarleyfis að viðlögðum dagsektarákvæðum 57. gr. skipulags- og byggingarlaga nr. 73/1997.,"Sótt er um endurnýjun á byggingaleyfi BN033455 frá 26. apríl 2006. Sótt er um leyfi til þess að byggja svalir á rishæð hússins á lóðinni nr. 10 við Drápuhlíð, skv. uppdr. Arko, dags. 28. júlí 2005 síðast breytt 3. mars 2006. Málið var í kynningu frá 22. mars til og með 19. apríl 2006. Engar athugasemdir bárust. Samþykki meðeigenda í Drápuhlíð 10 og 12 (á teikn.) fylgir erindinu. Gjald kr. 6.800"
35924 (01.70.420.6),http://gamli.rvk.is/vefur/owa/edutils.parse_page?nafn=BN035924,Drápuhlíð 12,endurnýjun á byggingarleyfi,Samþykkt.  Samræmist ákvæðum laga nr. 73/1997. Með vísan til samþykktar borgarráðs frá 1. september 1998 skal utanhúss- og lóðarfrágangi vera lokið eigi síðar en innan tveggja ára frá útgáfu byggingarleyfis að viðlögðum dagsektarákvæðum 57. gr. skipulags- og byggingarlaga nr. 73/1997.,"Sótt er um endurnýjun á byggingaleyfi BN033456 frá 26. apríl 2006. Sótt er um leyfi til þess að byggja svalir á rishæð hússins á lóðinni nr. 10 við Drápuhlíð, skv. uppdr. Arko, dags. 28. júlí 2005 síðast breytt 3. mars 2006. Málið var í kynningu frá 22. mars til og með 19. apríl 2006. Engar athugasemdir bárust. Samþykki meðeigenda í Drápuhlíð 10 og 12 (á teikn.) fylgir erindinu. Gjald kr. 6.800"
35866 (02.85.541.1),http://gamli.rvk.is/vefur/owa/edutils.parse_page?nafn=BN035866,Fannafold 31,klæða útveggi bílageymslu,Frestað. Vísað til athugasemda á umsóknarblaði.,Sótt er um leyfi til þess að klæða bílgeymslu að utan með standandi timburklæðningu eins og íbúðarhluta einbýlishússins á lóð nr. 31 við Fannafold sbr. umsókn BN027273. Gjald kr. 6.800
34981 (01.24.370.5 01),http://gamli.rvk.is/vefur/owa/edutils.parse_page?nafn=BN034981,Flókagata 9,svalir á suðurhlið,Samþykkt.  Samræmist ákvæðum laga nr. 73/1997. Með vísan til samþykktar borgarráðs frá 1. september 1998 skal utanhúss- og lóðarfrágangi vera lokið eigi síðar en innan tveggja ára frá útgáfu byggingarleyfis að viðlögðum dagsektarákvæðum 57. gr. skipulags- og byggingarlaga nr. 73/1997.,"Sótt er um leyfi til þess að setja upp svalir við suðurhlið 2. hæðar tvíbýlishússins á lóð nr. 9 við Flókagötu. Erindið var grenndarkynnt frá 21. mars til 20. apríl 2007, engar athugasemdir bárust. Samþykki meðeigenda dags. 28. júní 2006 fylgir erindinu. Gjald kr. 6.100 + 6.800"
35898 (02.46.810.1),http://gamli.rvk.is/vefur/owa/edutils.parse_page?nafn=BN035898,Fossaleynir 19-23,stigi úr stáli fl.,Frestað. Vísað til athugasemda á umsóknarblaði.,Sótt er um leyfi fyrir stálstiga í einingu 0106 ásamt því að síkka glugga fyrir svalahurð inn á svalir efri hæðar í byggingu áfanga 2b í atvinnuhúsnæðinu á lóðinni nr. 19-23 við Fossaleyni. Gjald kr. 6.800
34756 (02.69.550.3),http://gamli.rvk.is/vefur/owa/edutils.parse_page?nafn=BN034756,Freyjubrunnur 29,Fjölbýlishús með 5 íbúðum,Frestað. Vísað til athugasemda á umsóknarblaði.,"Sótt er um leyfi til að byggja fjölbýlishús úr forsteyptum einingum, á fjórum hæðum með fimm íbúðum, í húsinu er lyfta, efsta hæðin er inndreginn með álklæddum timbur útveggum. Á neðstu hæð eru fimm yfirbyggð bílstæði auk stæðis fatlaðra á lóð fjölbýlishús nr. 29 við Freyjubrunn.  Meðfylgandi er vottun eininga frá Rb og samþykki aðliggandi lóðarhafa á teikningu dags. 20. sept. 2006. Stærð: 1. hæð 137,3 ferm., 2. hæð 252,0 ferm., 3. hæð 252,0 ferm., 4. hæð 155,5 ferm., samtals 796,8 ferm., 2458,9 rúmm. Bílastæði / inngangur (B - rými) 99,5 ferm., 278,6 rúmm. Gjald kr. 6.100 + 166.988"
34877 (02.69.380.3),http://gamli.rvk.is/vefur/owa/edutils.parse_page?nafn=BN034877,Freyjubrunnur 31,fjölbýlishús,Frestað. Vísað til athugasemda á umsóknarblaði.,"Sótt er um leyfi til að byggja fjölbýlishús úr forsteyptum einingum, á fjórum hæðum með fimm íbúðum, í húsinu er lyfta, efsta hæðin er inndreginn með álklæddum timbur útveggum. Á neðstu hæð eru fimm yfirbyggð bílstæði auk stæðis fatlaðra á lóð fjölbýlishús nr. 31 við Freyjubrunn.  Meðfylgandi er vottun eininga frá Rb og samþykki aðliggandi lóðarhafa á teikningu dags. 17. okt. 2006. Stærð: 1. hæð 136,1 ferm., 2. hæð 248,8 ferm., 3. hæð 248,8 ferm., 4. hæð 155,5 ferm., samtals 789,2 ferm., 2448,0 rúmm. Bílastæði / inngangur (B - rými) 97,0 ferm., 223,1 rúmm. Gjald kr. 6.100 + 166.988"
35708 (02.69.350.9),http://gamli.rvk.is/vefur/owa/edutils.parse_page?nafn=BN035708,Friggjarbrunnur 31-33,nýbygging parhús,Frestað. Vísað til fyrri athugasemda á umsóknarblaði.,"Sótt er um leyfi til þess að byggja tveggja  hæða parhús ásamt kjallara og með innbyggðum bílgeymslum allt úr forsteyptum einingum á lóð nr. 31-33 við Friggjarbrunn. Stærð: Parhús nr. 31 (matshluti 01) íbúð kjallari 85,4 ferm., 1. hæð 71,5 ferm., 2. hæð 83,9 ferm., bílgeymsla 27,1 ferm., samtals 267,9 ferm., 877,5 rúmm. Parhús nr 33 (matshluti 02) er sömu stærðar og hús nr. 31 eða samtals 267,9 ferm., 877,5 rúmm. Gjald kr. 6.800 + 6.800 + 119.340"
35752 (02.69.350.8),http://gamli.rvk.is/vefur/owa/edutils.parse_page?nafn=BN035752,Friggjarbrunnur 35-37,parhús,"Frestað. Vísað til athugasemda á umsóknarblaði. Auk athugasemda á umsóknarblaði er húsið of stórt, minnka verður húsið um 58 ferm., eigi það að fást samþykkt","Sótt er um leyfi til að byggja þrílyft steinsteypt parhús með innbyggðum bílgeymslum á lóðinni nr. 35-37 við Friggjarbrunn. Húsið er múrhúðað og steinað með dökkgráum steinsalla að utan og að hluta klætt með gleri. Málinu fylgir bréf hönnuðar og eigenda dags. 30. apríl 2007. Stærðir:  Friggjarbrunnur 35:  Íbúð 213,4 ferm., bílgeymsla 19,6 ferm.  Samtals 233 ferm. og 563,8 rúmm. Friggjarbrunnur 37:  Íbúð 211,6 ferm., bílgeymsla 21,4 ferm.  Samtals 233 ferm. og 564,8 rúmm. Friggjarbrunnur 35-37 samtals 466 ferm. og 1128,6 rúmm. Gjald kr. 6.800 + 76.745"
35867 (02.86.160.2),http://gamli.rvk.is/vefur/owa/edutils.parse_page?nafn=BN035867,Funafold 99,íbúð kjallara,Frestað. Vísað til athugasemda á umsóknarblaði.,"Sótt er um leyfi fyrir áður gerðum sólskála, til að útbúa íbúð í kjallara einbýlishússins og til að fjölga bílastæðum á lóðinni nr. 99 við Funafold. Stækkun:  Áður gerður sólskáli 16 ferm. og 38,8 rúmm.  Íbúð í kjallara 63 ferm. og 154,9 rúmm. Samtals 79 ferm., 193,7 rúmm. Gjald kr. 6.800 + 13.172"
35875 (04.06.100.2),http://gamli.rvk.is/vefur/owa/edutils.parse_page?nafn=BN035875,Funahöfði 19,Endurnýjun á byggingarleyfi (BN024106),Frestað. Málinu vísað til umsagnar skipulagsstjóra.,"Sótt er um endurnýjun á byggingaleyfi nr. BN024106 þar sem sótt er um leyfi til að breyta innra fyrirkomulagi á hluta fyrstu og á allri annarri hæð matshluta 05 (matshl. 02 samkvæmt samþykkt 12. júní 2001) á lóðinni nr. 19 við Funahöfða. Jafnframt er sótt um leyfi til að koma fyrir stálstigum við suður- og norðurenda hússins og loka gati í lyfturstokk á fyrstu hæð. Í hinu breytta húsnæði verði rekið gistiheimili. Jafnframt lagt fram minnisblað byggingarfulltrúa, dags. 4. febrúar 2002 og umsögn Borgarskipulags, dags. 7. júlí 2000. Samþykki meðeigenda dags. 12. nóvember 2001 og 25. mars 2002 fylgja erindinu. Stækkun: 2,4 ferm. Gjald kr. 6.800"
35721 (04.64.200.2),http://gamli.rvk.is/vefur/owa/edutils.parse_page?nafn=BN035721,Gaukshólar 2-4,breytingar nr. 2,Samþykkt.  Samræmist ákvæðum laga nr. 73/1997. Með vísan til samþykktar borgarráðs frá 1. september 1998 skal utanhúss- og lóðarfrágangi vera lokið eigi síðar en innan tveggja ára frá útgáfu byggingarleyfis að viðlögðum dagsektarákvæðum 57. gr. skipulags- og byggingarlaga nr. 73/1997.,"Sótt er um leyfi fyrir nýju anddyri við aðalinngang norðurhliðar ásamt því að breyta nýtingu eininga 0110 úr leiksvæði í húsvarðaríbúð í fjölbýlishúsinu nr. 2 við Gaukshóla.  Útskrift úr gerðabók embættisafgreiðslufundar skipulagsstjóra frá 4. maí 2007 fylgir erindinu. Stækkun:  5,56 ferm., 15,01 rúmm. Gjald kr. 6.800 + 1.020"
35813 (01.46.110.2),http://gamli.rvk.is/vefur/owa/edutils.parse_page?nafn=BN035813,Grensásvegur 11,leiðrétting á afstöðumynd,Samþykkt.  Samræmist ákvæðum laga nr. 73/1997. Frágangur á lóðamörkum verði gerður í samráði við lóðarhafa aðliggjandi lóða. Áskilin lokaúttekt byggingarfulltrúa.,"Sótt er um samþykki fyrir leiðréttri afstöðumynd erindis 34908 þar sem fram kemur að fjarlægð að eystri lóðamörkum er um 1,6m minni en ráð var fyrir gert við samþykkt viðbyggingar atvinnuhússins á lóð nr. 11 við Grensásveg. Gjald kr. 6.800"
35928 (01.46.110.2),http://gamli.rvk.is/vefur/owa/edutils.parse_page?nafn=BN035928,Grensásvegur 11,takmarkað byggingarleyfi,Samþykkt.  Samræmist ákvæðum laga nr. 73/1997. Samþykktin fellur úr gildi við útgáfu á endanlegu byggingarleyfi.  Vegna útgáfu á takmörkuðu byggingarleyfi skal umsækjandi hafa samband við yfirverkfræðing embættis byggingarfulltrúa.,"Ofanritaðir sækja um takmarkað byggingarleyfi fyrir greftri, fyllingu og aðstöðugerð á lóðinni nr. 11 við Grensásveg vegna umsóknar nr. BN034409."
35872 (02.57.570.2),http://gamli.rvk.is/vefur/owa/edutils.parse_page?nafn=BN035872,Gylfaflöt 9,"Br. inni, millip., gluggar",Frestað. Vísað til athugasemda á umsóknarblaði.,"Sótt er um leyfi til að breyta atvinnuhúsnæði til aðlögunar að rekstri fyrirtækisins Landsnet þar sem innra fyrirkomulagi er breytt, bætt við gluggum, inngangur færður til og hurðum breytt, byggur millipallur á 2. hæð  ásamt tilfærslu á sorpi og breytingu á bílstæðum á lóð nr. 9 við Gylfaflöt.  Jafnframt er erindi 35469 dregið til baka. Meðfylgjandi er bréf hönnuðar dags. 26. apríl 2007 og drög að brunahönnun ódagsett. Stærð: Millipallur 379 ferm. Gjald kr. 6.800"
35891 (01.81.740.5),http://gamli.rvk.is/vefur/owa/edutils.parse_page?nafn=BN035891,Háagerði 87,stækkun,Frestað. Vísað til athugasemda á umsóknarblaði. Að þeim uppfylltum verður málið sent skipulagsstjóra til ákvörðunar um grenndarkynningu.,"Sótt er um leyfi fyrir hækkun á viðbyggingu, til að byggja kvist á norðurþekju, að rífa kvist á suðurþekju og byggja nýjan, koma fyrir svölum á suðurhlið og til breytinga á innra skipulagi einbýlishússins á lóðinni nr. 87 við Háagerði. Stækkun:  xx ferm. og xx rúmm. Gjald kr. 6.800 + xx"
35903 (01.43.010.1),http://gamli.rvk.is/vefur/owa/edutils.parse_page?nafn=BN035903,Holtavegur 23,br. á innra fyrirkomulagi við gang í kj.,Frestað. Vantar umsögn brunahönnuðar.,Sótt er um leyfi fyrir minnháttar breytingum á innra fyrirkomulagi í kjallara Langholtsskóla í A-álmu hússins á lóðinni nr. 23 við Holtaveg. Gjald kr. 6.800
35901 (01.13.450.1),http://gamli.rvk.is/vefur/owa/edutils.parse_page?nafn=BN035901,Holtsgata 25,Reyndarteikningar,Samþykkt.  Samræmist ákvæðum laga nr. 73/1997. Skilyrt er að eignaskiptayfirlýsingu vegna breytinga í húsinu sé þinglýst til þess að samþykktin öðlist gildi.,Sótt er um leyfi til að breyta innra skipulagi í kjallara v/eignaskipta í fjölbýlishúsinu á lóðinni nr. 25 við Holtsgötu. Gjald kr. 6.800
35929 (04.74.170.2),http://gamli.rvk.is/vefur/owa/edutils.parse_page?nafn=BN035929,Hólmvað 54-68,takmarkað byggingarleyfi,Samþykkt.  Samræmist ákvæðum laga nr. 73/1997. Samþykktin fellur úr gildi við útgáfu á endanlegu byggingarleyfi.  Vegna útgáfu á takmörkuðu byggingarleyfi skal umsækjandi hafa samband við yfirverkfræðing embættis byggingarfulltrúa.,"Ofanritaður sækir um takmarkað byggingarleyfi fyrir greftri, fyllingu og aðstöðugerð á lóðinni nr. 54-68 við Hólmvað."
35776 (04.99.540.3),http://gamli.rvk.is/vefur/owa/edutils.parse_page?nafn=BN035776,Jórusel 15,viðbygging fl.,Frestað. Vísað til athugasemda á umsóknarblaði og bókunar skipulagsstjóra frá 4. maí 2007.,"Sótt er um leyfi til þess að byggja einlyfta viðbyggingu við suðvesturhlið 1. hæðar, innrétta kjallara fyrir aukarými, byggja útigeymslur undir svölum við suðurausturhlið og fjölga bílastæðum fyrir einbýlishússið á lóð nr. 15 við Jórusel. Útskrift úr gerðabók embættisafgreiðslufundar skipulagsstjóra frá 4. maí 2007 fylgir erindinu. Stærð: Viðbygging 13,6 ferm., 50,8 rúmm., tvær útigeymslur samtals 6,6 ferm., 17,8 rúmm. Gjald kr. 6.800 + 4.665"
35773 (04.13.220.1),http://gamli.rvk.is/vefur/owa/edutils.parse_page?nafn=BN035773,Kirkjustétt 2-6,verslun 11-11,Samþykkt.  Samræmist ákvæðum laga nr. 73/1997. Áskilin lokaúttekt byggingarfulltrúa. Áskilið samþykki heilbrigðiseftirlits.,Sótt er um leyfi til þess að breyta innra skipulagi húss A (matshluta 01) þar sem innréttuð verður matvöruverslun í austurhluta húss og bætt við nýrri flóttahurð á suðurhlið atvinnuhússins á lóð nr. 2-6 við Kirkjustétt. Ljósrit af afsali vegna umsækjanda dags. 12.4 apríl 2007 og bréf hönnuðar ódags. fylgja erindinu. Gjald kr. 6.800
35816 (01.35.620.2 02),http://gamli.rvk.is/vefur/owa/edutils.parse_page?nafn=BN035816,Kleppsvegur 120,Loftnetabúnaður f. GSM,Samþykkt.  Samræmist ákvæðum laga nr. 73/1997.,Sótt er um leyfi til þess að setja upp þrjú loftnet á efsta hluta stigahúss húss nr. 120 ásamt tengiskáp fyrir GSM - búnað á efsta stigapalli fjölbýlishússins á lóð nr. 118-120 við Kleppsveg. Samþykki f.h. húsfélagsins dags. 2. apríl 2007 fylgir erindinu. Gjald kr. 6.800
34126 (01.32.520.1),http://gamli.rvk.is/vefur/owa/edutils.parse_page?nafn=BN034126,Klettagarðar 13,vöruhús og verslun,Frestað. Vísað til athugasemda á umsóknarblaði.,"Sótt er um leyfi til að byggja stálgrindarhús með glergafli sem vöruhús og verslun á lóðinni nr. 13 við Klettagarða.   Brunahönnun Línuhönnunar dags. 30. maí 2006, endurskoðuð 13. mars 2006 og 27. mars 2007 og bréf hönnuðar dags. 27. apríl 2007 fylgja  erindinu. Stærð: 8850,7 ferm., 86210,4 rúmm. Gjald kr. 6.100 + 6.800 + 5.862.307"
35907 (04.99.870.7),http://gamli.rvk.is/vefur/owa/edutils.parse_page?nafn=BN035907,Lambasel 44,takmarkað byggingarleyfi,Samþykkt.  Samræmist ákvæðum laga nr. 73/1997. Samþykktin fellur úr gildi við útgáfu á endanlegu byggingarleyfi.  Vegna útgáfu á takmörkuðu byggingarleyfi skal umsækjandi hafa samband við yfirverkfræðing embættis byggingarfulltrúa.,"Ofanrituð sækir um takmarkað byggingarleyfi fyrir greftri, fyllingu og aðstöðugerð á lóðinni nr. 44 við Lambasel."
35890 (01.52.030.4),http://gamli.rvk.is/vefur/owa/edutils.parse_page?nafn=BN035890,Lágholtsvegur 13,kvistur,Frestað. Vísað til athugasemda á umsóknarblaði.,"Sótt er um leyfi fyrir að byggja kvist á norðausturhlið og breyta herbergi á 1. hæð í geymslu, þetta er hluti af áður samþykktum breytingum dags. 18. sept. 2001 sem fallnar eru úr gildi á einbýlishúsinu nr. 13 við Lágholtsveg. Stærðir: Stækkun 10,5 rúmm. Gjald kr. 6.800 + 714"
35354 (01.15.220.8),http://gamli.rvk.is/vefur/owa/edutils.parse_page?nafn=BN035354,Lindargata 27,br. geymslum,Samþykkt.  Samræmist ákvæðum laga nr. 73/1997. Áskilin lokaúttekt byggingarfulltrúa.,Sótt er um leyfi til þess að breyta stærð geymslna og eignahaldi á geymslum í geymslukjallara fjölbýlishússins á lóð nr. 27 við Lindagötu. Greinagerð Línuhönnunar varðandi afstöðu Lindagötu 25 og 27 m.t.t. brunavarna dags. 15. mars 2007 fylgir erindinu. Gjald kr. 6.800
35822 (01.15.220.3),http://gamli.rvk.is/vefur/owa/edutils.parse_page?nafn=BN035822,Lindargata 33,glerskáli á 9. hæð,Frestað. Ekki eru gerðar skipulagslegar athugasemdir við erindið. Vísað til fyrri athugasemda á umsóknarblaði.,"Sótt er um leyfi til þess að byggja glerskála með heitum potti á þakgarði 9. hæðar fjölbýlishúss nr. 33 á lóð nr. 29-33 við Lindargötu, 13-21 við Vatnsstíg og 12 við Skúlagötu. Útskrift úr gerðabók embættisafgreiðslufundar skipulagsstjóra frá 4. maí 2007 fylgir erindinu. Samþykki meðeigenda (á teikningu) fylgir erindinu. Stærð: Glerskáli 20,9 ferm., 59,5 rúmm. Gjald kr. 6.800 + 4.073"
35720,http://gamli.rvk.is/vefur/owa/edutils.parse_page?nafn=BN035720,Lofnarbrunnur 18-20,parhús,Frestað. Lagfæra skráningu.,"Sótt er um leyfi til að byggja tvílyft parhús úr forsteyptum einingum á lóðinni nr. 18-20 við Lofnarbrunn.  Suður- og norðurhlið eru klæddar timbri að hluta en annars verður húsið múrhúðarð í ljósgráum lit. Lofnarbrunnur 18:  Íbúð 172,8 ferm., bílgeymsla 26,2 ferm.  Samtals 199 ferm. 651,4 rúmm. Lofnarbrunnur 20:  Sömu stærðir. Lofnarbrunnur 18-20 samtals 398 ferm. 1302,8 rúmm. Gjald kr. 6.800 + 88.658"
34577 (04.77.340.2),http://gamli.rvk.is/vefur/owa/edutils.parse_page?nafn=BN034577,Móvað 47,lóðarveggur,Frestað. Með vísan til bókunar skipulagsstjóra skal lækka kóta veggja eins og þar kemur fram.,"Sótt er um leyfi til að reisa steinsteypta veggi til að draga úr umferðarhávaða á lóðarmörkum að götu á lóðinni nr. 47 við Móvað. Ytri veggurinn er 1,6 m á hæð og staðsettur á lóðamörkum og innri veggurinn er 2,0 metrar á hæð og staðsettur 1,0 m innan lóðamarka. Samþykki íbúa Móvaðs 45 og 49 dags. 29. ágúst 2006 fylgir erindinu. Einnig lögð fram útskrift úr gerðabók embættisafgreiðslufundar skipulagsstjóra frá 4. maí 2007.   Gjald kr. 6.100"
35808,http://gamli.rvk.is/vefur/owa/edutils.parse_page?nafn=BN035808,Neshagi 15,kjallaraíbúð o.fl.,Samþykkt.  Samræmist ákvæðum laga nr. 73/1997. Skilyrt er að eignaskiptayfirlýsingu vegna breytinga í húsinu sé þinglýst til þess að samþykktin öðlist gildi.,Sótt er um leyfi fyrir breytingum á innra skipulagi vegna eignaskipta í fjölbýlishúsinu á lóðinni nr. 15 við Neshaga.  Einnig er sótt um samþykkt á íbúð í kjallara hússins. Málinu fylgir virðingargjörð dags. 20. mars 1952 og 7. maí 1968. Málinu fylgir einnig tengiskýrsla frá RR dags. 9. desember 1952 og íbúðarskoðun byggingarfulltrúa dags. 2. apríl 2007. Gjald kr. 6.800
35887 (01.44.131.2),http://gamli.rvk.is/vefur/owa/edutils.parse_page?nafn=BN035887,Nökkvavogur 23,Minni lofthæð í kjallara,"Frestað. Vísað til athugasemda á umsóknarblaði.

Helga Guðmundsdóttir vék af fundi við afgreiðslu málsins.","Sótt er um leyfi til breyta frá nýlega samþykktum teikningum þannig að lofthæð kjallara bílgeymslu lækkar um 65 cm. og burðarvirki þaks breytt í kraftsperrur í bílgeymslunni á lóðinnin nr. 23 við Nökkvavog. Stærðir: Minnkun  39,5 rúmm. Gjald kr. 6.800 + 2.687"
35842 (04.12.650.2),http://gamli.rvk.is/vefur/owa/edutils.parse_page?nafn=BN035842,Ólafsgeisli 14-18,svalalokun nr. 18,Samþykkt.  Samræmist ákvæðum laga nr. 73/1997.,"Sótt er um svalalokun á á tvíbýlishúsinu nr. 18 við Ólafsgeisla.  Meðfylgjandi er samþykki meðeiganda dags. 27. apríl 2007. Stærð: Svalalokun 8,5 ferm., 21,8 rúmm. Gjald kr. 6.800"
35819 (04.13.310.3),http://gamli.rvk.is/vefur/owa/edutils.parse_page?nafn=BN035819,Prestastígur 9,Loftnetabúnaður f. GSM,Samþykkt.  Samræmist ákvæðum laga nr. 73/1997.,Sótt er um leyfi til þess að setja upp eitt loftnet efst á norðurhorn lyftuhúss ásamt tengiskáp fyrir GSM - búnað í stigahúsi á 5. hæð fjölbýlishússins á lóð nr. 9 við Prestastíg. Samþykki f.h. húsfélagsins dags. 21. mars 2007 fylgir erindinu. Gjald kr. 6.800
35735 (01.34.120.1),http://gamli.rvk.is/vefur/owa/edutils.parse_page?nafn=BN035735,Rauðalækur 19,bílastæði,Frestað. Málinu vísað til skipulagsstjóra til ákvörðunar um grenndarkynningu. Vísað er til uppdráttar dags. 2. apríl 2007.,Sótt er um leyfi til þess að setja tvö bílastæði á baklóð lóðarinnar nr. 19 við Rauðalæk. Jafnframt er erindi 16930 dregið til baka. Samþykki meðeigenda dags. 27. febrúar 2007 og samþykki handhafa umferðakvaðar á lóð dags. 11. og 12. febrúar 2007 fylgja erindinu. Gjald kr. 6.800
35543 (05.05.510.1),http://gamli.rvk.is/vefur/owa/edutils.parse_page?nafn=BN035543,Sifjarbrunnur 1,Einbýlishús á 2 hæðum,Samþykkt.  Samræmist ákvæðum laga nr. 73/1997. Frágangur á lóðamörkum verði gerður í samráði við lóðarhafa aðliggjandi lóða. Áskilin lokaúttekt byggingarfulltrúa.,"Sótt er um leyfi til að byggja steinsteypt, tvílyft einbýlishús með innbyggðri bílgeymslu á lóðinni nr. 1 við Sifjarbrunn. Stærð:  Íbúð 226,4 ferm., bílgeymsla 36,1 ferm. Samtals 262,5 ferm., 708,6 rúmm. Gjald kr. 6.800 + 48.185"
35885 (01.29.200.6),http://gamli.rvk.is/vefur/owa/edutils.parse_page?nafn=BN035885,Síðumúli  3-5,breyting innanhúss o.fl.,Frestað. Vísað til athugasemda á umsóknarblaði.,Sótt er um leyfi til þess að breyta innra skipulagi 1. hæðar og bæta við og stækka glugga á 1. hæð suður og austurhliðar atvinnuhússins á lóð nr. 3-5 við Síðumúla. Gjald kr. 6.800
35879 (01.29.530.2),http://gamli.rvk.is/vefur/owa/edutils.parse_page?nafn=BN035879,Síðumúli 29,bæta við einni snyrtingu,Samþykkt.  Samræmist ákvæðum laga nr. 73/1997. Áskilið samþykki heilbrigðiseftirlits. Áskilin lokaúttekt byggingarfulltrúa.,Sótt er um leyfi til þess að bæta við einni snyrtingu í norðurenda 1. hæðar atvinnuhússins á lóð nr. 28 við Síðumúla. Gjald kr. 6.800
35900 (01.29.540.2),http://gamli.rvk.is/vefur/owa/edutils.parse_page?nafn=BN035900,Síðumúli 33,br. á innra fyrirkomulagi á 1. hæð,Frestað. Vísað til athugasemda á umsóknarblaði.,Sótt er um leyfi til að breyta innra fyrirkomulagi 1. hæðar þannig að stað verslunar og lagerhúsnæðis verði póstflokkunarstöð Íslandspósts í atvinnuhúsnæðinu á lóðinni nr. 33 við Síðumúla.  Gjald kr. 6.800
35643 (01.24.001.1),http://gamli.rvk.is/vefur/owa/edutils.parse_page?nafn=BN035643,Snorrabraut 27-29,br. innra skipulagi 3. hæðar,Frestað. Vísað til athugasemda á umsóknarblaði.,Sótt er um leyfi til þess að breyta innra skipulagi gistiheimilis á 3. hæð og fjölga við það gistirýmum úr 16 í 18 í húsi nr. 29 á lóð nr. 27-29 við Snorrabraut. Gjald kr. 6.800
35897 (04.61.219.9),http://gamli.rvk.is/vefur/owa/edutils.parse_page?nafn=BN035897,Stekkjarbakki,loftnetabúnaður fyrir GSM,Samþykkt.  Samræmist ákvæðum laga nr. 73/1997.,Sótt er um leyfi til þess að setja upp loftnet á þakbrún suðausturhliðar ásamt tengiskáp fyrir GSM - búnað í tæknirými dæluhúss OR á lóð við Stekkjarbakka Samþykki f.h. OR dags. 6. mars 2007 fylgir erindinu. Gjald kr. 6.800
35718 (04.32.540.1),http://gamli.rvk.is/vefur/owa/edutils.parse_page?nafn=BN035718,Stuðlaháls 2,Vörugeymsla,Samþykkt.  Samræmist ákvæðum laga nr. 73/1997. Áskilin lokaúttekt byggingarfulltrúa. Áskilið samþykki heilbrigðiseftirlits.,"Sótt er um leyfi til þess að byggja einlyfta geymsluviðbyggingu við vesturhlið matshluta 05 sem stálgrindarskemmu klædda stálklæðningu á lóð nr. 2 við Stuðlaháls. Brunahönnun VSI endurskoðuð 24. apríl 2007 fylgir erindinu. Stærð: Viðbygging 1513 ferm., 14838,6 rúmm. Gjald kr. 6.800 + 1.009.025"
35068 (01.13.210.8),http://gamli.rvk.is/vefur/owa/edutils.parse_page?nafn=BN035068,Vesturgata 6-10A,breytingar frá áður samþ. aðaluppdráttumnr. 6-8,Samþykkt.  Samræmist ákvæðum laga nr. 73/1997. Áskilin lokaúttekt byggingarfulltrúa. Áskilið samþykki heilbrigðiseftirlits.,"Sótt er um leyfi til breytinga á áður samþykktu byggingaleyfi á veitingahúsinu nr. 6-8 á lóðinni nr. 6-10A við Vesturgötu. Sótt er um leyfi til að breyta snyrtingum í kjallara, koma fyrir nýjum stiga frá veitingasal, snyrting fyrir fatlaða á 1. hæð er flutt, eldhús stækkað og gluggum breytt. Erindinu fylgir umsögn Húsafriðunarnefndar ríkisins dags. 5. desember 2006 og umsögn Minjasafns Reykjavíkur dags. 19. desember 2006. Gjald kr. 6.100"
35737 (04.38.660.1),http://gamli.rvk.is/vefur/owa/edutils.parse_page?nafn=BN035737,Viðarás 1-7,byggja yfir svalir,"Samþykkt.  Samræmist ákvæðum laga nr. 73/1997. Með vísan til samþykktar borgarráðs frá 1. september 1998 skal utanhúss- og lóðarfrágangi vera lokið eigi síðar en innan tveggja ára frá útgáfu byggingarleyfis að viðlögðum dagsektarákvæðum 57. gr. skipulags- og byggingarlaga nr. 73/1997.

Helga Guðmundsdóttir vék af fundi við afgreiðslu málsins.","Sótt er um leyfi til að byggja svalaskýli á húsum nr. 3 og 7 í raðhúsalengju á lóð nr. 1-7 við  Viðarás. Meðfylgjandi er samþ. meðeiganda á teikn. með breytingadags. 1. feb. 2007. Stærðir svalalokunar: Mhl.02.  18,0 ferm., 39,3 rúmm. og mhl.04. 18,0 ferm., 39,3 rúmm. Gjald kr. 6.800"
35555 (04.72.100.1 04),http://gamli.rvk.is/vefur/owa/edutils.parse_page?nafn=BN035555,Þingás 45,milliloft,Frestað. Vísað til athugasemda á umsóknarblaði.,"Sótt er um leyfi fyrir áður gerðu millilofti, stiga og tveimur  þakgluggum í raðhúsi nr. 45 við Þingvað.  Stærðir: Stækkun 52,6 ferm. Gjald kr. 6.800"
35905 (01.13.541.5),http://gamli.rvk.is/vefur/owa/edutils.parse_page?nafn=BN035905,Öldugata 34,Veggur (hadrið) á svalir,Synjað. Með vísan til bókunar embættisafgreiðslufundar skipulagsfulltrúa frá 29. september 2006.,"Sótt er um leyfi til þess að hækka handriði á svölum á bílskúrsþaki og breyta mestum hluta þess í steinsteypt 1,4 m hátt handriði við fjölbýlishúsið á lóð nr. 34 við Öldugötu. Málinu fylgir útskrift úr gerðabók embættisafgreiðslufundar skipulagsfulltrúa frá 29. september 2006. Gjald kr. 6.800"
35930 (01.67.201.1),http://gamli.rvk.is/vefur/owa/edutils.parse_page?nafn=BN035930,Bauganes 3A,leiðrétt stærðarbókun,Samþykkt.  Samræmist ákvæðum laga nr. 73/1997.,"Á afgreiðslufundi byggingarfulltrúa þann 30. apríl síðastliðinn var samþykkt leyfi til að byggja tvöfaldan bílskúr og til að byggja við til norðurs og suðurs á einbýlishúsinu á lóðinni nr. 3A við Bauganes. Stærðir voru bókaðar: Stækkun 132,8 ferm. og 291,8 rúmm., en áttu að vera stækkun íbúðarhúss (matshluti 01) 84,8 ferm., 259,8 rúmm og bílskúr (matshluti 02) 48 ferm., 159,8 rúmm. Samtals stækkun á lóð 132,8 ferm., 419,6 rúmm.  Gjald var bókað kr. 6.800 + 19.839 en á að vera kr. 6.800 + 28.532."
35809 (01.13.911.8),http://gamli.rvk.is/vefur/owa/edutils.parse_page?nafn=BN035809,Ásvallagata 48,(fsp) Niðurrif,Jákvætt. Að uppfylltum skilyrðum enda verði sótt um byggingarleyfi og með vísan til bókunar skipulagsstjóra frá 4. maí 2007.,Spurt er hvort leyft yrði að rífa tvíbýlishúsið á lóðinni nr. 48 við Ásvallagötu og byggja nýtt hús. Útskrift úr gerðabók embættisafgreiðslufundar skipulagsstjóra frá 4. maí 2007 fylgir erindinu.
35870 (01.71.011.1),http://gamli.rvk.is/vefur/owa/edutils.parse_page?nafn=BN035870,Barmahlíð 54,(fsp) br. svalir á bílskúr,Frestað. Málinu vísað til umsagnar skipulagsstjóra.,Spurt er hvort leyft yrði að setja upp festingar fyrir færanlega skjólveggi og handrið á bílskúrsþak sem aðeins yrði notaðar á tímabilinu frá apríl til október og eins færanleg brú að bílskúrsþaki frá svölum á suðvesturhlið 1. hæðar fjölbýlishússins á lóð nr. 54 við Barmahlíð.
35874 (01.13.630.4),http://gamli.rvk.is/vefur/owa/edutils.parse_page?nafn=BN035874,Bárugata 9,(fsp) bílskúr,Frestað. Málinu vísað til umsagnar skipulagsstjóra.,Spurt er hvort leyft yrði að byggja steinsteyptan geymslu- og bílskúr á suðausturhorni lóðar fjölbýlishússins á lóð nr. 9 við Bárugötu. Samþykki meðlóðarhafa fylgir erindinu.
35886 (01.41.211.5),http://gamli.rvk.is/vefur/owa/edutils.parse_page?nafn=BN035886,Efstasund 97,(fsp) setja gl. á herb. í risi,Jákvætt. Að uppfylltum skilyrðum enda verði sótt um byggingarleyfi. Betur færi ef glugga yrði einnig bætt á stigahús,Spurt er hvort leyft yrði að bæta við glugga á norðvesturgafli fyrir herbergi á rishæð tvíbýlishússins á lóð nr. 97 við Efstasund.
35824,http://gamli.rvk.is/vefur/owa/edutils.parse_page?nafn=BN035824,Hallsvegur - Gagnvegur,(fsp) bílskúrar,Nei. Samræmist ekki deiliskipulagi sbr. útskrift úr gerðabók skipulagsstjóra.,Spurt er hvort leyfi fengist til að byggja bílgeymslur á auðu svæði milli Gagnvegar og Hallsvegar.  Meðfylgjandi er bréf fyrirspyrjanda dags. 18. apríl 2007. Einnig lögð fram útskrift úr gerðabók embættisafgreiðslufundar skipulagsstjóra frá 4. maí 2007.
35448 (08.2-.--9.9),http://gamli.rvk.is/vefur/owa/edutils.parse_page?nafn=BN035448,Hólmsland,(fsp) sumarhús,Jákvætt. Að uppfylltum skilyrðum enda verði sótt um byggingarleyfi sbr. einnig umsögn Umhverfissviðs.,Spurt er hvort leyft yrði að reisa nýtt sumarhús í stað eldra húss í Hólmslandi.  Stærð húss yrði svipuð. Útskrift úr gerðabók embættisafgreiðslufundar skipulagsstjóra frá 4. maí 2007 fylgir erindinu.
35904 (02.69.370.2),http://gamli.rvk.is/vefur/owa/edutils.parse_page?nafn=BN035904,Iðunnarbrunnur 6,(fsp) breytingar,Frestað. Málinu vísað til umsagnar skipulagsstjóra.,Spurt er hvort leyft yrði að breyta staðsetningu innbyggðrar bílgeymslu frá norðausturhorni byggingarreits í norðvesturhorn í líkingu við meðfylgjandi skissur einbýlishússins á lóð nr. 6 við Iðunnarbrunn.
35908 (32.47.260.1),http://gamli.rvk.is/vefur/owa/edutils.parse_page?nafn=BN035908,Jörfagrund 16,"(fsp) hurð á þvottah., fleiri glugga, kofi",Frestað. Málinu vísað til umsagnar skipulagsstjóra.,"Spurt er hvort leyft yrði að setja útihurð á vesturgafl, fjölga gluggum á sama gafli, setja glugga á bílgeymsluvegg og reisa kofa á norðurhluta lóðar endaraðhúss á lóð nr. 16 við Jörfagrund."
35918 (32.47.230.7),http://gamli.rvk.is/vefur/owa/edutils.parse_page?nafn=BN035918,Jörfagrund 42-44,(fsp) sólstofa,Frestað. Málinu vísað til umsagnar skipulagsstjóra.,Spurt er hvort leyft yrði að byggja sólstofu á 1. hæð að mestu undir svölum 2. hæðar fjölbýlishússins á lóð nr. 42-44 við Jörfagrund.
35673 (01.52.510.4),http://gamli.rvk.is/vefur/owa/edutils.parse_page?nafn=BN035673,Kaplaskjólsvegur 51-59,(fsp) bílskúr,Jákvætt. Að uppfylltum skilyrðum enda verði sótt um byggingarleyfi sem grenndarkynnt verður sbr. bókun skipulagsstjóra.,Spurt er hvort byggja megi bílskúr við vesturgafl  endaraðhúss nr. 59 á lóð nr. 51-59 við Kaplaskjólsveg. Útskrift úr gerðabók embættisafgreiðslufundar skipulagsstjóra frá 4. maí 2007 fylgir erindinu.
35896 (01.24.321.2),http://gamli.rvk.is/vefur/owa/edutils.parse_page?nafn=BN035896,Karlagata 9,(fsp) Stigahús og samþ íbúð í kj.,Frestað. Málinu vísað til umsagnar skipulagsstjóra. Fyrirspyrjandi skal óska eftir íbúðarskoðun byggingarfulltrúa.,Spurt er hvort leyfi fengist fyrir byggingu stigahús við vesturgafl og að fá samþykkta íbúð í kjallara hússins nr. 9 við Karlagötu.
35823 (34.53.380.2),http://gamli.rvk.is/vefur/owa/edutils.parse_page?nafn=BN035823,"Kistumelur 6, 6a og 8","(fsp) slétta lóðir, fl. burt jarðveg f. nýbyggingu","Jákvætt. Að uppfylltum skilyrðum enda verði sótt um takmarkað byggingarleyfi, að öðru leyti er vísað til leiðbeininga skipulagsstjóra 4. maí 2007.","Spurt er hvort leyft yrði slétta landið og flytja burt jarðveg sem settur hefur verið á lóðirnar nr. 6, 6A og 8 við Kistumel. Útskrift úr gerðabók embættisafgreiðslufundar skipulagsstjóra frá 4. maí 2007 fylgir erindinu."
35877 (01.34.100.1),http://gamli.rvk.is/vefur/owa/edutils.parse_page?nafn=BN035877,Laugarnesvegur104-110,(fsp) fá kjallaraíb. samþykkta,"Nei. Þrátt fyrir lækkun jarðvegs uppfyllir íbúðin ekki skilyrði til samþykktar, gluggar eru of litlir og íbúðin eingöngu í norður.",Spurt er hvort samþykkt yrði ósamþykkt kjallaraíbúð 0001 þegar jarðvegur hefur verið lækkaður við þennan hluta norðurhliðar fjölbýlishúss nr. 106 á lóðinni nr. 104-110 við Laugarnesveg. Íbúðarskoðun byggingarfulltrúa dags. 28. mars 2007 fylgir erindinu.
35921 (01.41.300.2),http://gamli.rvk.is/vefur/owa/edutils.parse_page?nafn=BN035921,Njörvasund 14,(fsp) Útiskýli,Frestað. Málinu vísað til umsagnar skipulagsstjóra.,Spurt er hvort leyft yrði að rífa núverandi svalir og skyggni og byggja nýtt skýli og svalir ofan á við tvíbýlishúsið á lóðinni nr. 14 við Njörvasund.
35884 (01.17.111.7),http://gamli.rvk.is/vefur/owa/edutils.parse_page?nafn=BN035884,Smiðjustígur 6,(fsp) skýli á lóðinni,Frestað. Málinu vísað til umsagnar skipulagsstjóra.,Spurt er hvort leyfi fengist fyrir að reisa skýli úr álgrind klædda segldúk við veitingastaðinn á lóðinni nr. 6 við Smiðjustíg.
35865 (04.92.400.6),http://gamli.rvk.is/vefur/owa/edutils.parse_page?nafn=BN035865,Staðarsel 6,(fsp) Sólstofa yfir svalir,Jákvætt. Að uppfylltum skilyrðum enda verði sótt um byggingarleyfi.,Spurt er hvort leyfi fengist fyrir gerð svalaskýla á einbýlishúsið á lóðinni nr. 6 við Staðarsel.
35920 (01.55.400.3),http://gamli.rvk.is/vefur/owa/edutils.parse_page?nafn=BN035920,Tómasarhagi 27,(fsp) endurnýja leyfi f. rishækkun,Frestað. Málinu vísað til umsagnar skipulagsstjóra.,Spurt er hvort leyft yrði að endurnýja byggingarleyfi frá 4. október 2000 fyrir hækkaðri rishæð á hluta af þaki og byggjingu kvists á suður- og vesturþekju fjölbýlishússins á lóð nr. 27 við Tómasarhaga.
35899 (04.38.740.3),http://gamli.rvk.is/vefur/owa/edutils.parse_page?nafn=BN035899,Viðarás 33-33A,(fsp) 33A - viðbygging,Nei. Samræmist ekki deiliskipulagi.,Spurt er hvort leyfi fengist fyrir 2. hæða viðbyggingu á norðvesturhorni hússins á lóðinni nr. 33A við Viðarás.
35876 (05.13.640.1),http://gamli.rvk.is/vefur/owa/edutils.parse_page?nafn=BN035876,Þorláksgeisli 47,(fsp) svalalokun með gleri,Jákvætt. Að uppfylltum skilyrðum enda verði sótt um byggingarleyfi sem taki til alls hússins.,Spurt er hvort leyft verði að loka með glerlokun svölum við suðvesturhlið 2. hæðar fjölbýlishússins á lóð nr. 47 við Þorláksgeisla.
